DocNo,PdtName,ScanningDoneBy,Description,CreatedDate,CreatedBy,Type
NA-264,B2,AKASH,B2 SHOPPING BAG NEG ADJUSTMENT REPORT_04.05.2023,5/4/2023 8:25:16 AM,LABEL,NA
Id,DocNo,Location,Barcode,ItemNo,CategoryCode,Description,SystemQty,CountQty,Variance,VarianceAdjustment,Remarks,ManualCount
130459,NA-264,,6904383621880,6904383621880,C10014,GIRL'S ACCESSORIES,-1,0,1,0,,0
130460,NA-264,,9920000564764,9920000564764,C10020,SHOPPING BAG,-8,0,8,0,,0
130461,NA-264,,9920000564771,9920000564771,C10020,SHOPPING BAG,-4,0,4,0,,0
130462,NA-264,,9950014154248,9950014154248,C10002,GIRL'S PANTS,0,0,0,0,,0
130463,NA-264,,9950014154255,9950014154255,C10002,GIRL'S PANTS,0,0,0,0,,0
130464,NA-264,,9950014154262,9950014154262,C10002,GIRL'S PANTS,-1,0,1,0,,0
130465,NA-264,,9950014154279,9950014154279,C10002,GIRL'S PANTS,1,0,-1,0,,0
130466,NA-264,,9950015330191,9950015330191,C10003,GIRL'S DRESS,1,0,-1,0,,0
130467,NA-264,,9950015330207,9950015330207,C10003,GIRL'S DRESS,0,0,0,0,,0
130468,NA-264,,9950015330214,9950015330214,C10003,GIRL'S DRESS,0,0,0,0,,0
130469,NA-264,,9950015330221,9950015330221,C10003,GIRL'S DRESS,-1,0,1,0,,0
130470,NA-264,,9950015330238,9950015330238,C10003,GIRL'S DRESS,1,0,-1,0,,0
130471,NA-264,,9950015330245,9950015330245,C10003,GIRL'S DRESS,1,0,-1,0,,0
130472,NA-264,,9950015330252,9950015330252,C10003,GIRL'S DRESS,0,0,0,0,,0
